
{
    "region" : "us-east-1",
    "configuration" : "Debug",
    "framework"     : "net6.0",
    "self-contained" : false,
    "application"    : "SimpleWebApplication",
    "environment"    : "SimpleWebApplication-dev",
    "enable-xray"    : false,
    "enhanced-health-type" : "basic",
    "additional-options"   : "\"aws:autoscaling:launchconfiguration,SecurityGroups\"=\"sg-0b83df13d7ebf9942\";\"aws:ec2:vpc,Subnets\"=\"subnet-0e964fa5f99886662\"",
    "solution-stack"       : "64bit Amazon Linux 2 v2.5.4 running .NET Core",
    "environment-type"     : "SingleInstance",
    "cname"                : "simplewebapplication-dev",
    "instance-type"        : "t2.micro",
    "key-pair"             : "vockey",
    "instance-profile"     : "LabInstanceProfile",
    "service-role"         : "LabRole",
    "proxy-server"         : "nginx"
}